{"cameraMode":{"drawMode":0,"name":"Shaded","section":"Shading Mode"},"sceneLighting":false,"audioPlay":false,"sceneViewState":{"showFog":true,"showMaterialUpdate":true,"showSkybox":true,"showFlares":true,"showImageEffects":true,"showParticleSystems":true},"in2DMode":false,"pivot":{"x":1.8735880851745606,"y":-6.036558151245117,"z":14.490859985351563},"rotation":{"x":-0.012310102581977845,"y":0.0065949722193181519,"z":-0.00008133327355608344,"w":-0.9999025464057922},"size":5.7157673835754398,"orthographic":false}