{"cameraMode":{"drawMode":0,"name":"Shaded","section":"Shading Mode"},"sceneLighting":true,"audioPlay":false,"sceneViewState":{"showFog":true,"showMaterialUpdate":true,"showSkybox":true,"showFlares":true,"showImageEffects":true,"showParticleSystems":true},"in2DMode":false,"pivot":{"x":0.4694216251373291,"y":34.37162780761719,"z":-0.14529132843017579},"rotation":{"x":0.0549137108027935,"y":0.9301360249519348,"z":-0.3279878795146942,"w":0.15574175119400025},"size":11.752809524536133,"orthographic":false}